time,mood,content,image
1.15 morning,Amused,Text,1.15 m.PNG
2.14 noon,Corny,Text,2.14 n.jpg
2.14 night,Amused,Text,2.14 night.jpg
2.15 morning,Lament,Text,2.15 m.jpg
2.15 noon,Amused,Text,2.15 n.PNG
2.15 night,Irony,Text,2.15 night.PNG
2.16 morning,Corny,Blue,2.16 m.PNG
2.16 noon,Surreal,Grey,2.16 n.jpg
2.16 night,Joyful,Purple,2.16 night.PNG
2.17 morning,Content,Brown,2.17 m.PNG
2.17 noon,Amused,White,2.17 n.PNG
2.17 night,Delight,White,2.17 night.jpg
2.18 morning,Funny,Black,2.18 m.PNG
2.18 noon,Starving,White,2.18 n.jpg
2.18 night,Melancholy,Grey,2.18 night.jpg
2.19 morning,Calm,Green,2.19 m.PNG
2.19 noon,Cheerful,Grey,2.19 n.PNG
2.19 night,Restless,Text,2.19 night.jpg
2.20 morning,Amused,Text,2.20 m.jpg
2.20 noon,Silly,Grey,2.20 n.PNG
2.20 night,Silly,White,2.20 night.PNG
2.21 morning,Dreamy,Green,2.21 m.jpg
2.21 noon,Amused,Green,2.21 n.PNG
2.21 night,Amused,Blue,2.21 night.PNG
2.22 morning,Dreamy,Black,2.22 m.PNG
2.22 noon,Sacred,Orange,2.22 n.jpg
2.22 night,Sad,Violet,2.22 n.PNG
2.25 night,Starving,White,2.25.PNG
2.26 morning,Funny,Brown,2.26m.jpg
2.26 noon,Indifferent,Text,2.26n.jpg
2.26 night,Funny,Brown,2.26 night.jpg
2.27 morning,Joyful,White,2.27 m.jpg
2.27 noon,Indifferent,Text,2.27 n.jpg
2.27 night,Impatient,Text,2.27 night.jpg
2.28 morning,Ecstatic,Blue,2.28 m.jpg
2.28 noon,Amused,Orange,2.28 n.jpg
2.28 night,Amused,Violet,2.28 night.jpg
3.1 morning,Stressed,Text,3.1 m.jpg
3.1noon,Funny,Orange,3.1 n.jpg
3.1 night,Funny,Yellow,3.1 night.jpg
3.2 morning,Amused,Black,3.2 m.jpg
3.2 noon,Amused,Orange,3.2 n.PNG
3.2 night,Amused,Red,3.2 night.jpg
3.3 morning,Blissful,Green,3.3 m.jpg
3.3 noon,Creepy,Orange,3.3 n.jpg
3.3 night,Funny,Grey,3.3 night.jpg
3.4 morning,Funny,Ivory,3.4 m.jpg
3.4 noon,Funny,White,3.4 n.jpg
3.4 night,Amused,Brown,3.4 night.jpg
3.5 morning,Funny,Orange,3.5 m.jpg
3.5 noon,Amused,Green,3.5 n.jpg
3.5 night,Dreamy,Pink,3.5 night.jpg
3.6 morning,Lament,Text,3.6 m.PNG
3.6 noon,Amused,Brown,3.6 n.jpg
3.6 night,Competition,Text,3.6 night.jpg
3.18 morning,Amused,Grey,3.18 m.jpg
3.18 noon,Blissful,Text,3.18 n.PNG
3.18 night,Sympathetic,Text,3.18 night.jpg
3.24 morning,Funny,Orange,3.24 m.jpg
3.24 night,Amused,Text,3.24 night.jpg
4.12 morning,Amused,Text,4.12 m.jpg
4.13 morning,Amused,Text,4.13 m.PNG
4.13 noon,Amused,Orange,4.13 n.PNG
4.13 night,Funny,Grey,4.13 night.PNG
4.14 night,Amused,Orange,4.14 night.PNG
4.15 morning,Dreamy,Burgundy,4.15 m.PNG
